{
    "avg_prec": 0.9994659196576248,
    "roc_auc": 0.9994674258269425
}