{
    "avg_prec": 0.9997495118417737,
    "roc_auc": 0.9997594997594997
}