{
    "avg_prec": 0.9972060474487002,
    "roc_auc": 0.9984515818538645
}