{
    "avg_prec": 0.999270447166721,
    "roc_auc": 0.9993011879804332
}