{
    "avg_prec": 0.9990154427575673,
    "roc_auc": 0.9990384615384615
}