{
    "avg_prec": 0.9978703427252831,
    "roc_auc": 0.9979035639412999
}