{
    "avg_prec": 0.9998433770245937,
    "roc_auc": 0.9998543998702677
}