{
    "avg_prec": 0.9995265151515151,
    "roc_auc": 0.9995192307692308
}