{
    "avg_prec": 0.9999319208237591,
    "roc_auc": 0.9999279296593476
}